Period,Trade Flow,Reporter,Partner,2nd Partner,Customs Desc,Transport Mode,Commodity Code,Trade Value (US$),Net Weight(kg),Gross Weight,Qty Unit,Qty,Alternate Quantity unit,Alternate Quantity
2008,M,Australia,Australia,World,TOTAL CPC,TOTAL MOT,TOTAL,"$740,980,710",0,0,N/A,0,N/A,0
2008,M,Belgium,Australia,World,TOTAL CPC,TOTAL MOT,TOTAL,"$1,665,749,816",0,0,N/A,0,N/A,0
2008,X,Belgium,Australia,World,TOTAL CPC,TOTAL MOT,TOTAL,"$1,870,310,087",0,0,N/A,0,N/A,0
2008,M,Brazil,Australia,World,TOTAL CPC,TOTAL MOT,TOTAL,"$1,448,342,641",0,0,N/A,0,N/A,0
2008,X,Brazil,Australia,World,TOTAL CPC,TOTAL MOT,TOTAL,"$1,252,556,815",0,0,N/A,0,N/A,0
2008,M,Australia,Belgium,World,TOTAL CPC,TOTAL MOT,TOTAL,"$1,704,505,801",0,0,N/A,0,N/A,0
2008,X,Australia,Belgium,World,TOTAL CPC,TOTAL MOT,TOTAL,"$1,276,103,696",0,0,N/A,0,N/A,0
2008,M,Brazil,Belgium,World,TOTAL CPC,TOTAL MOT,TOTAL,"$1,712,805,699",0,0,N/A,0,N/A,0
2008,X,Brazil,Belgium,World,TOTAL CPC,TOTAL MOT,TOTAL,"$4,417,989,557",0,0,N/A,0,N/A,0
2008,M,Australia,Brazil,World,TOTAL CPC,TOTAL MOT,TOTAL,"$1,166,229,503",0,0,N/A,0,N/A,0
2008,X,Australia,Brazil,World,TOTAL CPC,TOTAL MOT,TOTAL,"$1,331,244,009",0,0,N/A,0,N/A,0
2008,M,Belgium,Brazil,World,TOTAL CPC,TOTAL MOT,TOTAL,"$4,251,410,370",0,0,N/A,0,N/A,0
2008,X,Belgium,Brazil,World,TOTAL CPC,TOTAL MOT,TOTAL,"$2,749,656,292",0,0,N/A,0,N/A,0
2008,M,Brazil,Brazil,World,TOTAL CPC,TOTAL MOT,TOTAL,"$188,273,700",0,0,N/A,0,N/A,0
2008,M,Australia,Canada,World,TOTAL CPC,TOTAL MOT,TOTAL,"$2,384,216,111",0,0,N/A,0,N/A,0
2008,X,Australia,Canada,World,TOTAL CPC,TOTAL MOT,TOTAL,"$1,294,341,301",0,0,N/A,0,N/A,0
2008,M,Belgium,Canada,World,TOTAL CPC,TOTAL MOT,TOTAL,"$2,979,331,193",0,0,N/A,0,N/A,0
2008,X,Belgium,Canada,World,TOTAL CPC,TOTAL MOT,TOTAL,"$3,098,162,290",0,0,N/A,0,N/A,0
2008,M,Brazil,Canada,World,TOTAL CPC,TOTAL MOT,TOTAL,"$3,520,843,115",0,0,N/A,0,N/A,0
2008,X,Brazil,Canada,World,TOTAL CPC,TOTAL MOT,TOTAL,"$1,864,981,838",0,0,N/A,0,N/A,0
2008,M,Australia,France,World,TOTAL CPC,TOTAL MOT,TOTAL,"$4,382,430,994",0,0,N/A,0,N/A,0
2008,X,Australia,France,World,TOTAL CPC,TOTAL MOT,TOTAL,"$1,478,794,428",0,0,N/A,0,N/A,0
2008,M,Belgium,France,World,TOTAL CPC,TOTAL MOT,TOTAL,"$51,928,596,915",0,0,N/A,0,N/A,0
2008,X,Belgium,France,World,TOTAL CPC,TOTAL MOT,TOTAL,"$82,435,028,961",0,0,N/A,0,N/A,0
2008,M,Brazil,France,World,TOTAL CPC,TOTAL MOT,TOTAL,"$4,893,920,835",0,0,N/A,0,N/A,0
2008,X,Brazil,France,World,TOTAL CPC,TOTAL MOT,TOTAL,"$4,185,230,723",0,0,N/A,0,N/A,0
2008,M,Australia,Germany,World,TOTAL CPC,TOTAL MOT,TOTAL,"$10,003,689,063",0,0,N/A,0,N/A,0
2008,X,Australia,Germany,World,TOTAL CPC,TOTAL MOT,TOTAL,"$1,547,095,730",0,0,N/A,0,N/A,0
2008,M,Belgium,Germany,World,TOTAL CPC,TOTAL MOT,TOTAL,"$79,859,448,173",0,0,N/A,0,N/A,0
2008,X,Belgium,Germany,World,TOTAL CPC,TOTAL MOT,TOTAL,"$93,191,910,551",0,0,N/A,0,N/A,0
2008,M,Brazil,Germany,World,TOTAL CPC,TOTAL MOT,TOTAL,"$12,463,098,473",0,0,N/A,0,N/A,0
2008,X,Brazil,Germany,World,TOTAL CPC,TOTAL MOT,TOTAL,"$8,847,430,437",0,0,N/A,0,N/A,0
2008,M,Australia,"China, Hong Kong SAR",World,TOTAL CPC,TOTAL MOT,TOTAL,"$1,274,160,697",0,0,N/A,0,N/A,0
2008,X,Australia,"China, Hong Kong SAR",World,TOTAL CPC,TOTAL MOT,TOTAL,"$2,528,200,752",0,0,N/A,0,N/A,0
2008,M,Belgium,"China, Hong Kong SAR",World,TOTAL CPC,TOTAL MOT,TOTAL,"$1,016,204,479",0,0,N/A,0,N/A,0
2008,X,Belgium,"China, Hong Kong SAR",World,TOTAL CPC,TOTAL MOT,TOTAL,"$2,538,741,364",0,0,N/A,0,N/A,0
2008,M,Brazil,"China, Hong Kong SAR",World,TOTAL CPC,TOTAL MOT,TOTAL,"$854,165,456",0,0,N/A,0,N/A,0
2008,X,Brazil,"China, Hong Kong SAR",World,TOTAL CPC,TOTAL MOT,TOTAL,"$1,807,030,337",0,0,N/A,0,N/A,0
2008,M,Australia,Italy,World,TOTAL CPC,TOTAL MOT,TOTAL,"$4,747,998,995",0,0,N/A,0,N/A,0
2008,X,Australia,Italy,World,TOTAL CPC,TOTAL MOT,TOTAL,"$1,420,528,572",0,0,N/A,0,N/A,0
2008,M,Belgium,Italy,World,TOTAL CPC,TOTAL MOT,TOTAL,"$14,681,551,545",0,0,N/A,0,N/A,0
2008,X,Belgium,Italy,World,TOTAL CPC,TOTAL MOT,TOTAL,"$22,079,322,577",0,0,N/A,0,N/A,0
2008,M,Brazil,Italy,World,TOTAL CPC,TOTAL MOT,TOTAL,"$4,828,715,734",0,0,N/A,0,N/A,0
2008,X,Brazil,Italy,World,TOTAL CPC,TOTAL MOT,TOTAL,"$4,758,749,652",0,0,N/A,0,N/A,0
2008,M,Australia,Japan,World,TOTAL CPC,TOTAL MOT,TOTAL,"$18,049,342,720",0,0,N/A,0,N/A,0
2008,X,Australia,Japan,World,TOTAL CPC,TOTAL MOT,TOTAL,"$42,731,584,689",0,0,N/A,0,N/A,0
2008,M,Belgium,Japan,World,TOTAL CPC,TOTAL MOT,TOTAL,"$12,569,906,708",0,0,N/A,0,N/A,0
2008,X,Belgium,Japan,World,TOTAL CPC,TOTAL MOT,TOTAL,"$3,106,903,177",0,0,N/A,0,N/A,0
2008,M,Brazil,Japan,World,TOTAL CPC,TOTAL MOT,TOTAL,"$7,158,296,324",0,0,N/A,0,N/A,0
2008,X,Brazil,Japan,World,TOTAL CPC,TOTAL MOT,TOTAL,"$6,111,848,488",0,0,N/A,0,N/A,0
2008,M,Australia,Rep. of Korea,World,TOTAL CPC,TOTAL MOT,TOTAL,"$5,730,763,481",0,0,N/A,0,N/A,0
2008,X,Australia,Rep. of Korea,World,TOTAL CPC,TOTAL MOT,TOTAL,"$15,485,801,532",0,0,N/A,0,N/A,0
2008,M,Belgium,Rep. of Korea,World,TOTAL CPC,TOTAL MOT,TOTAL,"$3,595,103,808",0,0,N/A,0,N/A,0
2008,X,Belgium,Rep. of Korea,World,TOTAL CPC,TOTAL MOT,TOTAL,"$1,762,990,204",0,0,N/A,0,N/A,0
2008,M,Brazil,Rep. of Korea,World,TOTAL CPC,TOTAL MOT,TOTAL,"$5,748,195,501",0,0,N/A,0,N/A,0
2008,X,Brazil,Rep. of Korea,World,TOTAL CPC,TOTAL MOT,TOTAL,"$3,133,101,470",0,0,N/A,0,N/A,0
2008,M,Australia,Mexico,World,TOTAL CPC,TOTAL MOT,TOTAL,"$1,230,013,048",0,0,N/A,0,N/A,0
2008,X,Australia,Mexico,World,TOTAL CPC,TOTAL MOT,TOTAL,"$565,335,990",0,0,N/A,0,N/A,0
2008,M,Belgium,Mexico,World,TOTAL CPC,TOTAL MOT,TOTAL,"$1,718,988,193",0,0,N/A,0,N/A,0
2008,X,Belgium,Mexico,World,TOTAL CPC,TOTAL MOT,TOTAL,"$1,252,245,291",0,0,N/A,0,N/A,0
2008,M,Brazil,Mexico,World,TOTAL CPC,TOTAL MOT,TOTAL,"$3,279,337,791",0,0,N/A,0,N/A,0
2008,X,Brazil,Mexico,World,TOTAL CPC,TOTAL MOT,TOTAL,"$4,278,344,164",0,0,N/A,0,N/A,0
2008,M,Australia,Netherlands,World,TOTAL CPC,TOTAL MOT,TOTAL,"$1,623,254,921",0,0,N/A,0,N/A,0
2008,X,Australia,Netherlands,World,TOTAL CPC,TOTAL MOT,TOTAL,"$3,051,366,203",0,0,N/A,0,N/A,0
2008,M,Belgium,Netherlands,World,TOTAL CPC,TOTAL MOT,TOTAL,"$89,845,870,876",0,0,N/A,0,N/A,0
2008,X,Belgium,Netherlands,World,TOTAL CPC,TOTAL MOT,TOTAL,"$57,559,867,565",0,0,N/A,0,N/A,0
2008,M,Brazil,Netherlands,World,TOTAL CPC,TOTAL MOT,TOTAL,"$1,533,673,433",0,0,N/A,0,N/A,0
2008,X,Brazil,Netherlands,World,TOTAL CPC,TOTAL MOT,TOTAL,"$9,982,184,794",0,0,N/A,0,N/A,0
2008,M,Australia,Russian Federation,World,TOTAL CPC,TOTAL MOT,TOTAL,"$541,909,781",0,0,N/A,0,N/A,0
2008,X,Australia,Russian Federation,World,TOTAL CPC,TOTAL MOT,TOTAL,"$933,774,255",0,0,N/A,0,N/A,0
2008,M,Belgium,Russian Federation,World,TOTAL CPC,TOTAL MOT,TOTAL,"$8,097,970,362",0,0,N/A,0,N/A,0
2008,X,Belgium,Russian Federation,World,TOTAL CPC,TOTAL MOT,TOTAL,"$5,345,726,482",0,0,N/A,0,N/A,0
2008,M,Brazil,Russian Federation,World,TOTAL CPC,TOTAL MOT,TOTAL,"$3,542,340,086",0,0,N/A,0,N/A,0
2008,X,Brazil,Russian Federation,World,TOTAL CPC,TOTAL MOT,TOTAL,"$4,631,438,845",0,0,N/A,0,N/A,0
2008,M,Australia,India,World,TOTAL CPC,TOTAL MOT,TOTAL,"$1,642,097,643",0,0,N/A,0,N/A,0
2008,X,Australia,India,World,TOTAL CPC,TOTAL MOT,TOTAL,"$11,379,978,107",0,0,N/A,0,N/A,0
2008,M,Belgium,India,World,TOTAL CPC,TOTAL MOT,TOTAL,"$5,551,026,728",0,0,N/A,0,N/A,0
2008,X,Belgium,India,World,TOTAL CPC,TOTAL MOT,TOTAL,"$7,358,569,973",0,0,N/A,0,N/A,0
2008,M,Brazil,India,World,TOTAL CPC,TOTAL MOT,TOTAL,"$3,742,698,616",0,0,N/A,0,N/A,0
2008,X,Brazil,India,World,TOTAL CPC,TOTAL MOT,TOTAL,"$1,101,862,198",0,0,N/A,0,N/A,0
2008,M,Australia,Singapore,World,TOTAL CPC,TOTAL MOT,TOTAL,"$14,230,994,422",0,0,N/A,0,N/A,0
2008,X,Australia,Singapore,World,TOTAL CPC,TOTAL MOT,TOTAL,"$5,154,094,662",0,0,N/A,0,N/A,0
2008,M,Belgium,Singapore,World,TOTAL CPC,TOTAL MOT,TOTAL,"$1,861,210,029",0,0,N/A,0,N/A,0
2008,X,Belgium,Singapore,World,TOTAL CPC,TOTAL MOT,TOTAL,"$955,776,558",0,0,N/A,0,N/A,0
2008,M,Brazil,Singapore,World,TOTAL CPC,TOTAL MOT,TOTAL,"$1,804,057,252",0,0,N/A,0,N/A,0
2008,X,Brazil,Singapore,World,TOTAL CPC,TOTAL MOT,TOTAL,"$1,470,340,002",0,0,N/A,0,N/A,0
2008,M,Australia,Spain,World,TOTAL CPC,TOTAL MOT,TOTAL,"$1,831,795,761",0,0,N/A,0,N/A,0
2008,X,Australia,Spain,World,TOTAL CPC,TOTAL MOT,TOTAL,"$736,867,203",0,0,N/A,0,N/A,0
2008,M,Belgium,Spain,World,TOTAL CPC,TOTAL MOT,TOTAL,"$8,941,996,990",0,0,N/A,0,N/A,0
2008,X,Belgium,Spain,World,TOTAL CPC,TOTAL MOT,TOTAL,"$15,436,109,658",0,0,N/A,0,N/A,0
2008,M,Brazil,Spain,World,TOTAL CPC,TOTAL MOT,TOTAL,"$2,588,201,662",0,0,N/A,0,N/A,0
2008,X,Brazil,Spain,World,TOTAL CPC,TOTAL MOT,TOTAL,"$4,073,198,424",0,0,N/A,0,N/A,0
2008,M,Australia,Switzerland,World,TOTAL CPC,TOTAL MOT,TOTAL,"$1,963,756,528",0,0,N/A,0,N/A,0
2008,X,Australia,Switzerland,World,TOTAL CPC,TOTAL MOT,TOTAL,"$377,408,126",0,0,N/A,0,N/A,0
2008,M,Belgium,Switzerland,World,TOTAL CPC,TOTAL MOT,TOTAL,"$4,193,352,158",0,0,N/A,0,N/A,0
2008,X,Belgium,Switzerland,World,TOTAL CPC,TOTAL MOT,TOTAL,"$6,684,058,086",0,0,N/A,0,N/A,0
2008,M,Brazil,Switzerland,World,TOTAL CPC,TOTAL MOT,TOTAL,"$2,306,102,028",0,0,N/A,0,N/A,0
2008,X,Brazil,Switzerland,World,TOTAL CPC,TOTAL MOT,TOTAL,"$1,326,781,248",0,0,N/A,0,N/A,0
2008,M,Australia,United Kingdom,World,TOTAL CPC,TOTAL MOT,TOTAL,"$8,657,782,057",0,0,N/A,0,N/A,0
2008,X,Australia,United Kingdom,World,TOTAL CPC,TOTAL MOT,TOTAL,"$7,844,215,761",0,0,N/A,0,N/A,0
2008,M,Belgium,United Kingdom,World,TOTAL CPC,TOTAL MOT,TOTAL,"$27,261,236,563",0,0,N/A,0,N/A,0
2008,X,Belgium,United Kingdom,World,TOTAL CPC,TOTAL MOT,TOTAL,"$34,012,020,295",0,0,N/A,0,N/A,0
2008,M,Brazil,United Kingdom,World,TOTAL CPC,TOTAL MOT,TOTAL,"$2,648,753,012",0,0,N/A,0,N/A,0
2008,X,Brazil,United Kingdom,World,TOTAL CPC,TOTAL MOT,TOTAL,"$3,782,427,279",0,0,N/A,0,N/A,0
2008,M,Australia,USA,World,TOTAL CPC,TOTAL MOT,TOTAL,"$24,256,280,095",0,0,N/A,0,N/A,0
2008,X,Australia,USA,World,TOTAL CPC,TOTAL MOT,TOTAL,"$10,184,268,115",0,0,N/A,0,N/A,0
2008,M,Belgium,USA,World,TOTAL CPC,TOTAL MOT,TOTAL,"$25,594,258,421",0,0,N/A,0,N/A,0
2008,X,Belgium,USA,World,TOTAL CPC,TOTAL MOT,TOTAL,"$23,029,794,107",0,0,N/A,0,N/A,0
2008,M,Brazil,USA,World,TOTAL CPC,TOTAL MOT,TOTAL,"$27,236,708,033",0,0,N/A,0,N/A,0
2008,X,Brazil,USA,World,TOTAL CPC,TOTAL MOT,TOTAL,"$26,859,042,216",0,0,N/A,0,N/A,0
2008,M,Canada,Australia,World,TOTAL CPC,TOTAL MOT,TOTAL,"$1,550,064,988",0,0,N/A,0,N/A,0
2008,X,Canada,Australia,World,TOTAL CPC,TOTAL MOT,TOTAL,"$2,021,236,518",0,0,N/A,0,N/A,0
2008,M,Canada,Belgium,World,TOTAL CPC,TOTAL MOT,TOTAL,"$2,083,425,384",0,0,N/A,0,N/A,0
2008,X,Canada,Belgium,World,TOTAL CPC,TOTAL MOT,TOTAL,"$3,230,500,553",0,0,N/A,0,N/A,0
2008,M,Canada,Brazil,World,TOTAL CPC,TOTAL MOT,TOTAL,"$2,529,391,875",0,0,N/A,0,N/A,0
2008,X,Canada,Brazil,World,TOTAL CPC,TOTAL MOT,TOTAL,"$2,431,910,518",0,0,N/A,0,N/A,0
2008,M,Canada,Canada,World,TOTAL CPC,TOTAL MOT,TOTAL,"$3,506,072,497",0,0,N/A,0,N/A,0
2008,M,Canada,France,World,TOTAL CPC,TOTAL MOT,TOTAL,"$5,701,051,279",0,0,N/A,0,N/A,0
2008,X,Canada,France,World,TOTAL CPC,TOTAL MOT,TOTAL,"$3,058,324,587",0,0,N/A,0,N/A,0
2008,M,Canada,Germany,World,TOTAL CPC,TOTAL MOT,TOTAL,"$11,975,257,799",0,0,N/A,0,N/A,0
2008,X,Canada,Germany,World,TOTAL CPC,TOTAL MOT,TOTAL,"$4,220,557,922",0,0,N/A,0,N/A,0
2008,M,Canada,"China, Hong Kong SAR",World,TOTAL CPC,TOTAL MOT,TOTAL,"$437,462,008",0,0,N/A,0,N/A,0
2008,X,Canada,"China, Hong Kong SAR",World,TOTAL CPC,TOTAL MOT,TOTAL,"$1,671,709,178",0,0,N/A,0,N/A,0
2008,M,Canada,Italy,World,TOTAL CPC,TOTAL MOT,TOTAL,"$4,824,265,940",0,0,N/A,0,N/A,0
2008,X,Canada,Italy,World,TOTAL CPC,TOTAL MOT,TOTAL,"$2,195,234,174",0,0,N/A,0,N/A,0
2008,M,Canada,Japan,World,TOTAL CPC,TOTAL MOT,TOTAL,"$14,404,326,523",0,0,N/A,0,N/A,0
2008,X,Canada,Japan,World,TOTAL CPC,TOTAL MOT,TOTAL,"$10,464,781,819",0,0,N/A,0,N/A,0
2008,M,Canada,Rep. of Korea,World,TOTAL CPC,TOTAL MOT,TOTAL,"$5,663,204,818",0,0,N/A,0,N/A,0
2008,X,Canada,Rep. of Korea,World,TOTAL CPC,TOTAL MOT,TOTAL,"$3,622,188,364",0,0,N/A,0,N/A,0
2008,M,Canada,Mexico,World,TOTAL CPC,TOTAL MOT,TOTAL,"$16,857,733,836",0,0,N/A,0,N/A,0
2008,X,Canada,Mexico,World,TOTAL CPC,TOTAL MOT,TOTAL,"$5,517,021,132",0,0,N/A,0,N/A,0
2008,M,Canada,Netherlands,World,TOTAL CPC,TOTAL MOT,TOTAL,"$2,050,962,627",0,0,N/A,0,N/A,0
2008,X,Canada,Netherlands,World,TOTAL CPC,TOTAL MOT,TOTAL,"$3,489,347,069",0,0,N/A,0,N/A,0
2008,M,Canada,Russian Federation,World,TOTAL CPC,TOTAL MOT,TOTAL,"$1,802,727,699",0,0,N/A,0,N/A,0
2008,X,Canada,Russian Federation,World,TOTAL CPC,TOTAL MOT,TOTAL,"$1,412,107,930",0,0,N/A,0,N/A,0
2008,M,Canada,India,World,TOTAL CPC,TOTAL MOT,TOTAL,"$2,107,082,591",0,0,N/A,0,N/A,0
2008,X,Canada,India,World,TOTAL CPC,TOTAL MOT,TOTAL,"$2,282,701,762",0,0,N/A,0,N/A,0
2008,M,Canada,Singapore,World,TOTAL CPC,TOTAL MOT,TOTAL,"$1,184,169,667",0,0,N/A,0,N/A,0
2008,X,Canada,Singapore,World,TOTAL CPC,TOTAL MOT,TOTAL,"$777,297,605",0,0,N/A,0,N/A,0
2008,M,Canada,Spain,World,TOTAL CPC,TOTAL MOT,TOTAL,"$1,618,981,764",0,0,N/A,0,N/A,0
2008,X,Canada,Spain,World,TOTAL CPC,TOTAL MOT,TOTAL,"$1,069,647,007",0,0,N/A,0,N/A,0
2008,M,Canada,Switzerland,World,TOTAL CPC,TOTAL MOT,TOTAL,"$2,964,261,239",0,0,N/A,0,N/A,0
2008,X,Canada,Switzerland,World,TOTAL CPC,TOTAL MOT,TOTAL,"$1,224,182,753",0,0,N/A,0,N/A,0
2008,M,Canada,United Kingdom,World,TOTAL CPC,TOTAL MOT,TOTAL,"$11,826,068,915",0,0,N/A,0,N/A,0
2008,X,Canada,United Kingdom,World,TOTAL CPC,TOTAL MOT,TOTAL,"$12,268,164,495",0,0,N/A,0,N/A,0
2008,M,Canada,USA,World,TOTAL CPC,TOTAL MOT,TOTAL,"$214,046,444,022",0,0,N/A,0,N/A,0
2008,X,Canada,USA,World,TOTAL CPC,TOTAL MOT,TOTAL,"$353,782,674,814",0,0,N/A,0,N/A,0
2008,M,France,Australia,World,TOTAL CPC,TOTAL MOT,TOTAL,"$2,142,311,677",0,0,N/A,0,N/A,0
2008,X,France,Australia,World,TOTAL CPC,TOTAL MOT,TOTAL,"$4,963,415,070",0,0,N/A,0,N/A,0
2008,M,France,Belgium,World,TOTAL CPC,TOTAL MOT,TOTAL,"$59,139,861,619",0,0,N/A,0,N/A,0
2008,X,France,Belgium,World,TOTAL CPC,TOTAL MOT,TOTAL,"$45,317,967,957",0,0,N/A,0,N/A,0
2008,M,France,Brazil,World,TOTAL CPC,TOTAL MOT,TOTAL,"$5,848,540,068",0,0,N/A,0,N/A,0
2008,X,France,Brazil,World,TOTAL CPC,TOTAL MOT,TOTAL,"$5,194,621,839",0,0,N/A,0,N/A,0
2008,M,France,Canada,World,TOTAL CPC,TOTAL MOT,TOTAL,"$4,007,228,528",0,0,N/A,0,N/A,0
2008,X,France,Canada,World,TOTAL CPC,TOTAL MOT,TOTAL,"$4,183,885,468",0,0,N/A,0,N/A,0
2008,M,France,France,World,TOTAL CPC,TOTAL MOT,TOTAL,"$7,133,679,822",0,0,N/A,0,N/A,0
2008,M,France,Germany,World,TOTAL CPC,TOTAL MOT,TOTAL,"$113,901,584,835",0,0,N/A,0,N/A,0
2008,X,France,Germany,World,TOTAL CPC,TOTAL MOT,TOTAL,"$86,841,525,387",0,0,N/A,0,N/A,0
2008,M,France,"China, Hong Kong SAR",World,TOTAL CPC,TOTAL MOT,TOTAL,"$820,349,405",0,0,N/A,0,N/A,0
2008,X,France,"China, Hong Kong SAR",World,TOTAL CPC,TOTAL MOT,TOTAL,"$3,745,076,739",0,0,N/A,0,N/A,0
2008,M,France,Italy,World,TOTAL CPC,TOTAL MOT,TOTAL,"$56,494,217,512",0,0,N/A,0,N/A,0
2008,X,France,Italy,World,TOTAL CPC,TOTAL MOT,TOTAL,"$52,393,491,337",0,0,N/A,0,N/A,0
2008,M,France,Japan,World,TOTAL CPC,TOTAL MOT,TOTAL,"$13,998,662,831",0,0,N/A,0,N/A,0
2008,X,France,Japan,World,TOTAL CPC,TOTAL MOT,TOTAL,"$8,254,689,999",0,0,N/A,0,N/A,0
2008,M,France,Rep. of Korea,World,TOTAL CPC,TOTAL MOT,TOTAL,"$5,743,522,955",0,0,N/A,0,N/A,0
2008,X,France,Rep. of Korea,World,TOTAL CPC,TOTAL MOT,TOTAL,"$4,446,926,720",0,0,N/A,0,N/A,0
2008,M,France,Mexico,World,TOTAL CPC,TOTAL MOT,TOTAL,"$1,145,884,626",0,0,N/A,0,N/A,0
2008,X,France,Mexico,World,TOTAL CPC,TOTAL MOT,TOTAL,"$3,270,701,483",0,0,N/A,0,N/A,0
2008,M,France,Netherlands,World,TOTAL CPC,TOTAL MOT,TOTAL,"$28,179,661,220",0,0,N/A,0,N/A,0
2008,X,France,Netherlands,World,TOTAL CPC,TOTAL MOT,TOTAL,"$25,132,632,216",0,0,N/A,0,N/A,0
2008,M,France,Russian Federation,World,TOTAL CPC,TOTAL MOT,TOTAL,"$20,159,582,799",0,0,N/A,0,N/A,0
2008,X,France,Russian Federation,World,TOTAL CPC,TOTAL MOT,TOTAL,"$10,364,290,612",0,0,N/A,0,N/A,0
2008,M,France,India,World,TOTAL CPC,TOTAL MOT,TOTAL,"$5,092,806,151",0,0,N/A,0,N/A,0
2008,X,France,India,World,TOTAL CPC,TOTAL MOT,TOTAL,"$4,904,917,860",0,0,N/A,0,N/A,0
2008,M,France,Singapore,World,TOTAL CPC,TOTAL MOT,TOTAL,"$3,963,806,248",0,0,N/A,0,N/A,0
2008,X,France,Singapore,World,TOTAL CPC,TOTAL MOT,TOTAL,"$6,798,936,135",0,0,N/A,0,N/A,0
2008,M,France,Spain,World,TOTAL CPC,TOTAL MOT,TOTAL,"$45,316,840,282",0,0,N/A,0,N/A,0
2008,X,France,Spain,World,TOTAL CPC,TOTAL MOT,TOTAL,"$49,916,887,704",0,0,N/A,0,N/A,0
2008,M,France,Switzerland,World,TOTAL CPC,TOTAL MOT,TOTAL,"$15,699,978,076",0,0,N/A,0,N/A,0
2008,X,France,Switzerland,World,TOTAL CPC,TOTAL MOT,TOTAL,"$17,686,093,499",0,0,N/A,0,N/A,0
2008,M,France,United Kingdom,World,TOTAL CPC,TOTAL MOT,TOTAL,"$33,670,661,862",0,0,N/A,0,N/A,0
2008,X,France,United Kingdom,World,TOTAL CPC,TOTAL MOT,TOTAL,"$46,710,234,293",0,0,N/A,0,N/A,0
2008,M,France,USA,World,TOTAL CPC,TOTAL MOT,TOTAL,"$38,295,740,997",0,0,N/A,0,N/A,0
2008,X,France,USA,World,TOTAL CPC,TOTAL MOT,TOTAL,"$35,110,119,322",0,0,N/A,0,N/A,0
2008,M,Germany,Australia,World,TOTAL CPC,TOTAL MOT,TOTAL,"$2,683,699,653",0,0,N/A,0,N/A,0
2008,X,Germany,Australia,World,TOTAL CPC,TOTAL MOT,TOTAL,"$9,787,967,040",0,0,N/A,0,N/A,0
2008,M,"China, Hong Kong SAR",Australia,World,TOTAL CPC,TOTAL MOT,TOTAL,"$2,085,167,612",0,0,N/A,0,N/A,0
2008,X,"China, Hong Kong SAR",Australia,World,TOTAL CPC,TOTAL MOT,TOTAL,"$5,051,476,526",0,0,N/A,0,N/A,0
2008,M,Germany,Belgium,World,TOTAL CPC,TOTAL MOT,TOTAL,"$53,432,612,343",0,0,N/A,0,N/A,0
2008,X,Germany,Belgium,World,TOTAL CPC,TOTAL MOT,TOTAL,"$72,620,562,972",0,0,N/A,0,N/A,0
2008,M,"China, Hong Kong SAR",Belgium,World,TOTAL CPC,TOTAL MOT,TOTAL,"$2,621,979,337",0,0,N/A,0,N/A,0
2008,X,"China, Hong Kong SAR",Belgium,World,TOTAL CPC,TOTAL MOT,TOTAL,"$2,131,677,468",0,0,N/A,0,N/A,0
2008,M,Germany,Brazil,World,TOTAL CPC,TOTAL MOT,TOTAL,"$13,910,237,981",0,0,N/A,0,N/A,0
2008,X,Germany,Brazil,World,TOTAL CPC,TOTAL MOT,TOTAL,"$12,845,528,447",0,0,N/A,0,N/A,0
2008,M,"China, Hong Kong SAR",Brazil,World,TOTAL CPC,TOTAL MOT,TOTAL,"$1,825,971,371",0,0,N/A,0,N/A,0
2008,X,"China, Hong Kong SAR",Brazil,World,TOTAL CPC,TOTAL MOT,TOTAL,"$1,647,493,334",0,0,N/A,0,N/A,0
2008,M,Germany,Canada,World,TOTAL CPC,TOTAL MOT,TOTAL,"$5,640,253,837",0,0,N/A,0,N/A,0
2008,X,Germany,Canada,World,TOTAL CPC,TOTAL MOT,TOTAL,"$9,272,656,312",0,0,N/A,0,N/A,0
2008,M,"China, Hong Kong SAR",Canada,World,TOTAL CPC,TOTAL MOT,TOTAL,"$1,731,629,886",0,0,N/A,0,N/A,0
2008,X,"China, Hong Kong SAR",Canada,World,TOTAL CPC,TOTAL MOT,TOTAL,"$3,529,108,252",0,0,N/A,0,N/A,0
2008,M,Germany,France,World,TOTAL CPC,TOTAL MOT,TOTAL,"$93,180,435,515",0,0,N/A,0,N/A,0
2008,X,Germany,France,World,TOTAL CPC,TOTAL MOT,TOTAL,"$137,703,126,833",0,0,N/A,0,N/A,0
2008,M,"China, Hong Kong SAR",France,World,TOTAL CPC,TOTAL MOT,TOTAL,"$3,254,104,158",0,0,N/A,0,N/A,0
2008,X,"China, Hong Kong SAR",France,World,TOTAL CPC,TOTAL MOT,TOTAL,"$4,840,987,561",0,0,N/A,0,N/A,0
2008,M,"China, Hong Kong SAR",Germany,World,TOTAL CPC,TOTAL MOT,TOTAL,"$6,935,330,165",0,0,N/A,0,N/A,0
2008,X,"China, Hong Kong SAR",Germany,World,TOTAL CPC,TOTAL MOT,TOTAL,"$12,150,627,639",0,0,N/A,0,N/A,0
2008,M,Germany,"China, Hong Kong SAR",World,TOTAL CPC,TOTAL MOT,TOTAL,"$2,628,745,839",0,0,N/A,0,N/A,0
2008,X,Germany,"China, Hong Kong SAR",World,TOTAL CPC,TOTAL MOT,TOTAL,"$6,579,161,428",0,0,N/A,0,N/A,0
2008,M,Germany,Italy,World,TOTAL CPC,TOTAL MOT,TOTAL,"$68,404,808,618",0,0,N/A,0,N/A,0
2008,X,Germany,Italy,World,TOTAL CPC,TOTAL MOT,TOTAL,"$91,324,176,340",0,0,N/A,0,N/A,0
2008,M,"China, Hong Kong SAR",Italy,World,TOTAL CPC,TOTAL MOT,TOTAL,"$4,398,614,446",0,0,N/A,0,N/A,0
2008,X,"China, Hong Kong SAR",Italy,World,TOTAL CPC,TOTAL MOT,TOTAL,"$4,362,349,581",0,0,N/A,0,N/A,0
2008,M,Germany,Japan,World,TOTAL CPC,TOTAL MOT,TOTAL,"$35,703,441,738",0,0,N/A,0,N/A,0
2008,X,Germany,Japan,World,TOTAL CPC,TOTAL MOT,TOTAL,"$18,950,651,240",0,0,N/A,0,N/A,0
2008,M,"China, Hong Kong SAR",Japan,World,TOTAL CPC,TOTAL MOT,TOTAL,"$39,178,394,863",0,0,N/A,0,N/A,0
2008,X,"China, Hong Kong SAR",Japan,World,TOTAL CPC,TOTAL MOT,TOTAL,"$15,606,577,118",0,0,N/A,0,N/A,0
2008,M,Germany,Rep. of Korea,World,TOTAL CPC,TOTAL MOT,TOTAL,"$14,147,865,148",0,0,N/A,0,N/A,0
2008,X,Germany,Rep. of Korea,World,TOTAL CPC,TOTAL MOT,TOTAL,"$13,047,794,649",0,0,N/A,0,N/A,0
2008,M,"China, Hong Kong SAR",Rep. of Korea,World,TOTAL CPC,TOTAL MOT,TOTAL,"$15,642,618,879",0,0,N/A,0,N/A,0
2008,X,"China, Hong Kong SAR",Rep. of Korea,World,TOTAL CPC,TOTAL MOT,TOTAL,"$7,098,115,536",0,0,N/A,0,N/A,0
2008,M,Germany,Mexico,World,TOTAL CPC,TOTAL MOT,TOTAL,"$6,653,045,419",0,0,N/A,0,N/A,0
2008,X,Germany,Mexico,World,TOTAL CPC,TOTAL MOT,TOTAL,"$10,108,965,049",0,0,N/A,0,N/A,0
2008,M,"China, Hong Kong SAR",Mexico,World,TOTAL CPC,TOTAL MOT,TOTAL,"$389,007,936",0,0,N/A,0,N/A,0
2008,X,"China, Hong Kong SAR",Mexico,World,TOTAL CPC,TOTAL MOT,TOTAL,"$1,736,667,646",0,0,N/A,0,N/A,0
2008,M,Germany,Netherlands,World,TOTAL CPC,TOTAL MOT,TOTAL,"$90,988,223,293",0,0,N/A,0,N/A,0
2008,X,Germany,Netherlands,World,TOTAL CPC,TOTAL MOT,TOTAL,"$93,291,755,917",0,0,N/A,0,N/A,0
2008,M,"China, Hong Kong SAR",Netherlands,World,TOTAL CPC,TOTAL MOT,TOTAL,"$2,057,670,486",0,0,N/A,0,N/A,0
2008,X,"China, Hong Kong SAR",Netherlands,World,TOTAL CPC,TOTAL MOT,TOTAL,"$5,821,162,911",0,0,N/A,0,N/A,0
2008,M,Germany,Russian Federation,World,TOTAL CPC,TOTAL MOT,TOTAL,"$37,767,303,891",0,0,N/A,0,N/A,0
2008,X,Germany,Russian Federation,World,TOTAL CPC,TOTAL MOT,TOTAL,"$48,826,587,182",0,0,N/A,0,N/A,0
2008,M,"China, Hong Kong SAR",Russian Federation,World,TOTAL CPC,TOTAL MOT,TOTAL,"$574,968,837",0,0,N/A,0,N/A,0
2008,X,"China, Hong Kong SAR",Russian Federation,World,TOTAL CPC,TOTAL MOT,TOTAL,"$1,102,157,346",0,0,N/A,0,N/A,0
2008,M,Germany,India,World,TOTAL CPC,TOTAL MOT,TOTAL,"$7,928,949,317",0,0,N/A,0,N/A,0
2008,X,Germany,India,World,TOTAL CPC,TOTAL MOT,TOTAL,"$12,127,592,187",0,0,N/A,0,N/A,0
2008,M,"China, Hong Kong SAR",India,World,TOTAL CPC,TOTAL MOT,TOTAL,"$7,450,493,193",0,0,N/A,0,N/A,0
2008,X,"China, Hong Kong SAR",India,World,TOTAL CPC,TOTAL MOT,TOTAL,"$6,997,950,991",0,0,N/A,0,N/A,0
2008,M,Germany,Singapore,World,TOTAL CPC,TOTAL MOT,TOTAL,"$5,605,465,244",0,0,N/A,0,N/A,0
2008,X,Germany,Singapore,World,TOTAL CPC,TOTAL MOT,TOTAL,"$7,888,951,178",0,0,N/A,0,N/A,0
2008,M,"China, Hong Kong SAR",Singapore,World,TOTAL CPC,TOTAL MOT,TOTAL,"$25,167,817,346",0,0,N/A,0,N/A,0
2008,X,"China, Hong Kong SAR",Singapore,World,TOTAL CPC,TOTAL MOT,TOTAL,"$7,265,004,019",0,0,N/A,0,N/A,0
2008,M,Germany,Spain,World,TOTAL CPC,TOTAL MOT,TOTAL,"$30,482,455,442",0,0,N/A,0,N/A,0
2008,X,Germany,Spain,World,TOTAL CPC,TOTAL MOT,TOTAL,"$62,907,838,107",0,0,N/A,0,N/A,0
2008,M,"China, Hong Kong SAR",Spain,World,TOTAL CPC,TOTAL MOT,TOTAL,"$819,559,696",0,0,N/A,0,N/A,0
2008,X,"China, Hong Kong SAR",Spain,World,TOTAL CPC,TOTAL MOT,TOTAL,"$2,263,036,676",0,0,N/A,0,N/A,0
2008,M,Germany,Switzerland,World,TOTAL CPC,TOTAL MOT,TOTAL,"$46,944,255,952",0,0,N/A,0,N/A,0
2008,X,Germany,Switzerland,World,TOTAL CPC,TOTAL MOT,TOTAL,"$57,770,307,850",0,0,N/A,0,N/A,0
2008,M,"China, Hong Kong SAR",Switzerland,World,TOTAL CPC,TOTAL MOT,TOTAL,"$6,439,793,604",0,0,N/A,0,N/A,0
2008,X,"China, Hong Kong SAR",Switzerland,World,TOTAL CPC,TOTAL MOT,TOTAL,"$3,514,607,144",0,0,N/A,0,N/A,0
2008,M,Germany,United Kingdom,World,TOTAL CPC,TOTAL MOT,TOTAL,"$61,031,234,392",0,0,N/A,0,N/A,0
2008,X,Germany,United Kingdom,World,TOTAL CPC,TOTAL MOT,TOTAL,"$94,502,659,508",0,0,N/A,0,N/A,0
2008,M,"China, Hong Kong SAR",United Kingdom,World,TOTAL CPC,TOTAL MOT,TOTAL,"$5,372,980,602",0,0,N/A,0,N/A,0
2008,X,"China, Hong Kong SAR",United Kingdom,World,TOTAL CPC,TOTAL MOT,TOTAL,"$10,732,009,187",0,0,N/A,0,N/A,0
2008,M,Germany,USA,World,TOTAL CPC,TOTAL MOT,TOTAL,"$69,639,042,575",0,0,N/A,0,N/A,0
2008,X,Germany,USA,World,TOTAL CPC,TOTAL MOT,TOTAL,"$105,759,526,689",0,0,N/A,0,N/A,0
2008,M,"China, Hong Kong SAR",USA,World,TOTAL CPC,TOTAL MOT,TOTAL,"$19,642,377,327",0,0,N/A,0,N/A,0
2008,X,"China, Hong Kong SAR",USA,World,TOTAL CPC,TOTAL MOT,TOTAL,"$46,219,739,279",0,0,N/A,0,N/A,0
2008,M,Italy,Australia,World,TOTAL CPC,TOTAL MOT,TOTAL,"$1,753,962,550",0,0,N/A,0,N/A,0
2008,X,Italy,Australia,World,TOTAL CPC,TOTAL MOT,TOTAL,"$4,225,520,294",0,0,N/A,0,N/A,0
2008,M,Japan,Australia,World,TOTAL CPC,TOTAL MOT,TOTAL,"$47,531,823,339",0,0,N/A,0,N/A,0
2008,X,Japan,Australia,World,TOTAL CPC,TOTAL MOT,TOTAL,"$17,296,006,140",0,0,N/A,0,N/A,0
2008,M,Rep. of Korea,Australia,World,TOTAL CPC,TOTAL MOT,TOTAL,"$18,000,175,985",0,0,N/A,0,N/A,0
2008,X,Rep. of Korea,Australia,World,TOTAL CPC,TOTAL MOT,TOTAL,"$5,171,339,251",0,0,N/A,0,N/A,0
2008,M,Mexico,Australia,World,TOTAL CPC,TOTAL MOT,TOTAL,"$806,567,626",0,0,N/A,0,N/A,0
2008,X,Mexico,Australia,World,TOTAL CPC,TOTAL MOT,TOTAL,"$670,894,181",0,0,N/A,0,N/A,0
2008,M,Italy,Belgium,World,TOTAL CPC,TOTAL MOT,TOTAL,"$20,886,682,531",0,0,N/A,0,N/A,0
2008,X,Italy,Belgium,World,TOTAL CPC,TOTAL MOT,TOTAL,"$14,605,818,592",0,0,N/A,0,N/A,0
2008,M,Japan,Belgium,World,TOTAL CPC,TOTAL MOT,TOTAL,"$2,061,221,421",0,0,N/A,0,N/A,0
2008,X,Japan,Belgium,World,TOTAL CPC,TOTAL MOT,TOTAL,"$8,480,516,290",0,0,N/A,0,N/A,0
2008,M,Rep. of Korea,Belgium,World,TOTAL CPC,TOTAL MOT,TOTAL,"$1,314,366,643",0,0,N/A,0,N/A,0
2008,X,Rep. of Korea,Belgium,World,TOTAL CPC,TOTAL MOT,TOTAL,"$3,233,908,712",0,0,N/A,0,N/A,0
2008,M,Mexico,Belgium,World,TOTAL CPC,TOTAL MOT,TOTAL,"$884,437,484",0,0,N/A,0,N/A,0
2008,X,Mexico,Belgium,World,TOTAL CPC,TOTAL MOT,TOTAL,"$788,835,998",0,0,N/A,0,N/A,0
2008,M,Italy,Brazil,World,TOTAL CPC,TOTAL MOT,TOTAL,"$5,653,755,023",0,0,N/A,0,N/A,0
2008,X,Italy,Brazil,World,TOTAL CPC,TOTAL MOT,TOTAL,"$4,915,103,346",0,0,N/A,0,N/A,0
2008,M,Japan,Brazil,World,TOTAL CPC,TOTAL MOT,TOTAL,"$9,109,977,599",0,0,N/A,0,N/A,0
2008,X,Japan,Brazil,World,TOTAL CPC,TOTAL MOT,TOTAL,"$5,914,509,522",0,0,N/A,0,N/A,0
2008,M,Rep. of Korea,Brazil,World,TOTAL CPC,TOTAL MOT,TOTAL,"$4,380,459,596",0,0,N/A,0,N/A,0
2008,X,Rep. of Korea,Brazil,World,TOTAL CPC,TOTAL MOT,TOTAL,"$5,925,865,679",0,0,N/A,0,N/A,0
2008,M,Mexico,Brazil,World,TOTAL CPC,TOTAL MOT,TOTAL,"$5,182,663,434",0,0,N/A,0,N/A,0
2008,X,Mexico,Brazil,World,TOTAL CPC,TOTAL MOT,TOTAL,"$3,366,873,961",0,0,N/A,0,N/A,0
2008,M,Italy,Canada,World,TOTAL CPC,TOTAL MOT,TOTAL,"$2,583,779,510",0,0,N/A,0,N/A,0
2008,X,Italy,Canada,World,TOTAL CPC,TOTAL MOT,TOTAL,"$3,819,995,917",0,0,N/A,0,N/A,0
2008,M,Japan,Canada,World,TOTAL CPC,TOTAL MOT,TOTAL,"$12,775,759,840",0,0,N/A,0,N/A,0
2008,X,Japan,Canada,World,TOTAL CPC,TOTAL MOT,TOTAL,"$10,765,195,945",0,0,N/A,0,N/A,0
2008,M,Rep. of Korea,Canada,World,TOTAL CPC,TOTAL MOT,TOTAL,"$4,403,413,199",0,0,N/A,0,N/A,0
2008,X,Rep. of Korea,Canada,World,TOTAL CPC,TOTAL MOT,TOTAL,"$4,057,233,554",0,0,N/A,0,N/A,0
2008,M,Mexico,Canada,World,TOTAL CPC,TOTAL MOT,TOTAL,"$9,442,479,042",0,0,N/A,0,N/A,0
2008,X,Mexico,Canada,World,TOTAL CPC,TOTAL MOT,TOTAL,"$7,083,682,204",0,0,N/A,0,N/A,0
2008,M,Italy,France,World,TOTAL CPC,TOTAL MOT,TOTAL,"$48,347,548,074",0,0,N/A,0,N/A,0
2008,X,Italy,France,World,TOTAL CPC,TOTAL MOT,TOTAL,"$60,975,937,905",0,0,N/A,0,N/A,0
2008,M,Japan,France,World,TOTAL CPC,TOTAL MOT,TOTAL,"$10,642,732,384",0,0,N/A,0,N/A,0
2008,X,Japan,France,World,TOTAL CPC,TOTAL MOT,TOTAL,"$9,111,878,407",0,0,N/A,0,N/A,0
2008,M,Rep. of Korea,France,World,TOTAL CPC,TOTAL MOT,TOTAL,"$4,885,112,410",0,0,N/A,0,N/A,0
2008,X,Rep. of Korea,France,World,TOTAL CPC,TOTAL MOT,TOTAL,"$3,682,693,974",0,0,N/A,0,N/A,0
2008,M,Mexico,France,World,TOTAL CPC,TOTAL MOT,TOTAL,"$3,517,281,074",0,0,N/A,0,N/A,0
2008,X,Mexico,France,World,TOTAL CPC,TOTAL MOT,TOTAL,"$531,009,702",0,0,N/A,0,N/A,0
2008,M,Italy,Germany,World,TOTAL CPC,TOTAL MOT,TOTAL,"$89,988,895,569",0,0,N/A,0,N/A,0
2008,X,Italy,Germany,World,TOTAL CPC,TOTAL MOT,TOTAL,"$69,285,481,201",0,0,N/A,0,N/A,0
2008,M,Japan,Germany,World,TOTAL CPC,TOTAL MOT,TOTAL,"$20,852,098,009",0,0,N/A,0,N/A,0
2008,X,Japan,Germany,World,TOTAL CPC,TOTAL MOT,TOTAL,"$23,955,460,877",0,0,N/A,0,N/A,0
2008,M,Rep. of Korea,Germany,World,TOTAL CPC,TOTAL MOT,TOTAL,"$14,769,086,614",0,0,N/A,0,N/A,0
2008,X,Rep. of Korea,Germany,World,TOTAL CPC,TOTAL MOT,TOTAL,"$10,522,590,534",0,0,N/A,0,N/A,0
2008,M,Mexico,Germany,World,TOTAL CPC,TOTAL MOT,TOTAL,"$12,605,734,177",0,0,N/A,0,N/A,0
2008,X,Mexico,Germany,World,TOTAL CPC,TOTAL MOT,TOTAL,"$4,998,081,547",0,0,N/A,0,N/A,0
2008,M,Italy,"China, Hong Kong SAR",World,TOTAL CPC,TOTAL MOT,TOTAL,"$613,431,183",0,0,N/A,0,N/A,0
2008,X,Italy,"China, Hong Kong SAR",World,TOTAL CPC,TOTAL MOT,TOTAL,"$4,758,377,634",0,0,N/A,0,N/A,0
2008,M,Japan,"China, Hong Kong SAR",World,TOTAL CPC,TOTAL MOT,TOTAL,"$1,557,905,157",0,0,N/A,0,N/A,0
2008,X,Japan,"China, Hong Kong SAR",World,TOTAL CPC,TOTAL MOT,TOTAL,"$40,294,052,160",0,0,N/A,0,N/A,0
2008,M,Rep. of Korea,"China, Hong Kong SAR",World,TOTAL CPC,TOTAL MOT,TOTAL,"$2,222,672,467",0,0,N/A,0,N/A,0
2008,X,Rep. of Korea,"China, Hong Kong SAR",World,TOTAL CPC,TOTAL MOT,TOTAL,"$19,771,220,807",0,0,N/A,0,N/A,0
2008,M,Mexico,"China, Hong Kong SAR",World,TOTAL CPC,TOTAL MOT,TOTAL,"$532,822,206",0,0,N/A,0,N/A,0
2008,X,Mexico,"China, Hong Kong SAR",World,TOTAL CPC,TOTAL MOT,TOTAL,"$395,944,378",0,0,N/A,0,N/A,0
2008,M,Japan,Italy,World,TOTAL CPC,TOTAL MOT,TOTAL,"$7,962,315,340",0,0,N/A,0,N/A,0
2008,X,Japan,Italy,World,TOTAL CPC,TOTAL MOT,TOTAL,"$6,804,703,697",0,0,N/A,0,N/A,0
2008,M,Rep. of Korea,Italy,World,TOTAL CPC,TOTAL MOT,TOTAL,"$4,151,373,385",0,0,N/A,0,N/A,0
2008,X,Rep. of Korea,Italy,World,TOTAL CPC,TOTAL MOT,TOTAL,"$3,545,580,244",0,0,N/A,0,N/A,0
2008,M,Mexico,Italy,World,TOTAL CPC,TOTAL MOT,TOTAL,"$5,219,285,879",0,0,N/A,0,N/A,0
2008,X,Mexico,Italy,World,TOTAL CPC,TOTAL MOT,TOTAL,"$587,164,175",0,0,N/A,0,N/A,0
2008,M,Italy,Japan,World,TOTAL CPC,TOTAL MOT,TOTAL,"$7,380,160,431",0,0,N/A,0,N/A,0
2008,X,Italy,Japan,World,TOTAL CPC,TOTAL MOT,TOTAL,"$6,251,746,073",0,0,N/A,0,N/A,0
2008,M,Rep. of Korea,Japan,World,TOTAL CPC,TOTAL MOT,TOTAL,"$60,956,291,440",0,0,N/A,0,N/A,0
2008,X,Rep. of Korea,Japan,World,TOTAL CPC,TOTAL MOT,TOTAL,"$28,252,422,582",0,0,N/A,0,N/A,0
2008,M,Mexico,Japan,World,TOTAL CPC,TOTAL MOT,TOTAL,"$16,282,453,585",0,0,N/A,0,N/A,0
2008,X,Mexico,Japan,World,TOTAL CPC,TOTAL MOT,TOTAL,"$2,045,908,439",0,0,N/A,0,N/A,0
2008,M,Italy,Rep. of Korea,World,TOTAL CPC,TOTAL MOT,TOTAL,"$4,470,651,842",0,0,N/A,0,N/A,0
2008,X,Italy,Rep. of Korea,World,TOTAL CPC,TOTAL MOT,TOTAL,"$3,814,272,164",0,0,N/A,0,N/A,0
2008,M,Japan,Rep. of Korea,World,TOTAL CPC,TOTAL MOT,TOTAL,"$29,475,955,878",0,0,N/A,0,N/A,0
2008,X,Japan,Rep. of Korea,World,TOTAL CPC,TOTAL MOT,TOTAL,"$59,492,555,213",0,0,N/A,0,N/A,0
2008,M,Mexico,Rep. of Korea,World,TOTAL CPC,TOTAL MOT,TOTAL,"$13,527,288,227",0,0,N/A,0,N/A,0
2008,X,Mexico,Rep. of Korea,World,TOTAL CPC,TOTAL MOT,TOTAL,"$537,604,719",0,0,N/A,0,N/A,0
2008,M,Italy,Mexico,World,TOTAL CPC,TOTAL MOT,TOTAL,"$853,748,176",0,0,N/A,0,N/A,0
2008,X,Italy,Mexico,World,TOTAL CPC,TOTAL MOT,TOTAL,"$4,157,871,028",0,0,N/A,0,N/A,0
2008,M,Japan,Mexico,World,TOTAL CPC,TOTAL MOT,TOTAL,"$3,812,946,490",0,0,N/A,0,N/A,0
2008,X,Japan,Mexico,World,TOTAL CPC,TOTAL MOT,TOTAL,"$9,948,898,621",0,0,N/A,0,N/A,0
2008,M,Rep. of Korea,Mexico,World,TOTAL CPC,TOTAL MOT,TOTAL,"$1,049,283,647",0,0,N/A,0,N/A,0
2008,X,Rep. of Korea,Mexico,World,TOTAL CPC,TOTAL MOT,TOTAL,"$9,089,948,789",0,0,N/A,0,N/A,0
2008,M,Italy,Netherlands,World,TOTAL CPC,TOTAL MOT,TOTAL,"$30,178,013,061",0,0,N/A,0,N/A,0
2008,X,Italy,Netherlands,World,TOTAL CPC,TOTAL MOT,TOTAL,"$12,763,665,640",0,0,N/A,0,N/A,0
2008,M,Japan,Netherlands,World,TOTAL CPC,TOTAL MOT,TOTAL,"$3,822,934,514",0,0,N/A,0,N/A,0
2008,X,Japan,Netherlands,World,TOTAL CPC,TOTAL MOT,TOTAL,"$21,075,283,154",0,0,N/A,0,N/A,0
2008,M,Rep. of Korea,Netherlands,World,TOTAL CPC,TOTAL MOT,TOTAL,"$3,239,607,852",0,0,N/A,0,N/A,0
2008,X,Rep. of Korea,Netherlands,World,TOTAL CPC,TOTAL MOT,TOTAL,"$6,405,585,545",0,0,N/A,0,N/A,0
2008,M,Mexico,Netherlands,World,TOTAL CPC,TOTAL MOT,TOTAL,"$4,183,574,005",0,0,N/A,0,N/A,0
2008,X,Mexico,Netherlands,World,TOTAL CPC,TOTAL MOT,TOTAL,"$2,487,679,896",0,0,N/A,0,N/A,0
2008,M,Italy,Russian Federation,World,TOTAL CPC,TOTAL MOT,TOTAL,"$23,662,623,019",0,0,N/A,0,N/A,0
2008,X,Italy,Russian Federation,World,TOTAL CPC,TOTAL MOT,TOTAL,"$15,395,628,564",0,0,N/A,0,N/A,0
2008,M,Japan,Russian Federation,World,TOTAL CPC,TOTAL MOT,TOTAL,"$13,417,764,905",0,0,N/A,0,N/A,0
2008,X,Japan,Russian Federation,World,TOTAL CPC,TOTAL MOT,TOTAL,"$16,534,097,871",0,0,N/A,0,N/A,0
2008,M,Rep. of Korea,Russian Federation,World,TOTAL CPC,TOTAL MOT,TOTAL,"$8,340,054,751",0,0,N/A,0,N/A,0
2008,X,Rep. of Korea,Russian Federation,World,TOTAL CPC,TOTAL MOT,TOTAL,"$9,747,956,810",0,0,N/A,0,N/A,0
2008,M,Mexico,Russian Federation,World,TOTAL CPC,TOTAL MOT,TOTAL,"$821,267,610",0,0,N/A,0,N/A,0
2008,X,Mexico,Russian Federation,World,TOTAL CPC,TOTAL MOT,TOTAL,"$116,015,742",0,0,N/A,0,N/A,0
2008,M,Italy,India,World,TOTAL CPC,TOTAL MOT,TOTAL,"$5,043,657,741",0,0,N/A,0,N/A,0
2008,X,Italy,India,World,TOTAL CPC,TOTAL MOT,TOTAL,"$4,544,302,368",0,0,N/A,0,N/A,0
2008,M,Japan,India,World,TOTAL CPC,TOTAL MOT,TOTAL,"$5,256,077,919",0,0,N/A,0,N/A,0
2008,X,Japan,India,World,TOTAL CPC,TOTAL MOT,TOTAL,"$7,895,493,337",0,0,N/A,0,N/A,0
2008,M,Rep. of Korea,India,World,TOTAL CPC,TOTAL MOT,TOTAL,"$6,581,241,185",0,0,N/A,0,N/A,0
2008,X,Rep. of Korea,India,World,TOTAL CPC,TOTAL MOT,TOTAL,"$8,977,063,366",0,0,N/A,0,N/A,0
2008,M,Mexico,India,World,TOTAL CPC,TOTAL MOT,TOTAL,"$1,360,595,057",0,0,N/A,0,N/A,0
2008,X,Mexico,India,World,TOTAL CPC,TOTAL MOT,TOTAL,"$1,559,113,267",0,0,N/A,0,N/A,0
2008,M,Italy,Singapore,World,TOTAL CPC,TOTAL MOT,TOTAL,"$350,099,730",0,0,N/A,0,N/A,0
2008,X,Italy,Singapore,World,TOTAL CPC,TOTAL MOT,TOTAL,"$2,528,219,574",0,0,N/A,0,N/A,0
2008,M,Japan,Singapore,World,TOTAL CPC,TOTAL MOT,TOTAL,"$7,886,221,708",0,0,N/A,0,N/A,0
2008,X,Japan,Singapore,World,TOTAL CPC,TOTAL MOT,TOTAL,"$26,596,576,621",0,0,N/A,0,N/A,0
2008,M,Rep. of Korea,Singapore,World,TOTAL CPC,TOTAL MOT,TOTAL,"$8,361,727,556",0,0,N/A,0,N/A,0
2008,X,Rep. of Korea,Singapore,World,TOTAL CPC,TOTAL MOT,TOTAL,"$16,292,970,486",0,0,N/A,0,N/A,0
2008,M,Mexico,Singapore,World,TOTAL CPC,TOTAL MOT,TOTAL,"$1,697,747,758",0,0,N/A,0,N/A,0
2008,X,Mexico,Singapore,World,TOTAL CPC,TOTAL MOT,TOTAL,"$426,496,885",0,0,N/A,0,N/A,0
2008,M,Italy,Spain,World,TOTAL CPC,TOTAL MOT,TOTAL,"$24,463,802,949",0,0,N/A,0,N/A,0
2008,X,Italy,Spain,World,TOTAL CPC,TOTAL MOT,TOTAL,"$35,479,268,673",0,0,N/A,0,N/A,0
2008,M,Japan,Spain,World,TOTAL CPC,TOTAL MOT,TOTAL,"$2,503,835,099",0,0,N/A,0,N/A,0
2008,X,Japan,Spain,World,TOTAL CPC,TOTAL MOT,TOTAL,"$4,450,050,741",0,0,N/A,0,N/A,0
2008,M,Rep. of Korea,Spain,World,TOTAL CPC,TOTAL MOT,TOTAL,"$1,129,870,094",0,0,N/A,0,N/A,0
2008,X,Rep. of Korea,Spain,World,TOTAL CPC,TOTAL MOT,TOTAL,"$3,192,485,564",0,0,N/A,0,N/A,0
2008,M,Mexico,Spain,World,TOTAL CPC,TOTAL MOT,TOTAL,"$4,055,841,862",0,0,N/A,0,N/A,0
2008,X,Mexico,Spain,World,TOTAL CPC,TOTAL MOT,TOTAL,"$4,232,898,222",0,0,N/A,0,N/A,0
2008,M,Italy,Switzerland,World,TOTAL CPC,TOTAL MOT,TOTAL,"$16,651,599,809",0,0,N/A,0,N/A,0
2008,X,Italy,Switzerland,World,TOTAL CPC,TOTAL MOT,TOTAL,"$21,282,949,761",0,0,N/A,0,N/A,0
2008,M,Japan,Switzerland,World,TOTAL CPC,TOTAL MOT,TOTAL,"$6,422,374,044",0,0,N/A,0,N/A,0
2008,X,Japan,Switzerland,World,TOTAL CPC,TOTAL MOT,TOTAL,"$4,339,573,225",0,0,N/A,0,N/A,0
2008,M,Rep. of Korea,Switzerland,World,TOTAL CPC,TOTAL MOT,TOTAL,"$1,913,570,770",0,0,N/A,0,N/A,0
2008,X,Rep. of Korea,Switzerland,World,TOTAL CPC,TOTAL MOT,TOTAL,"$402,646,710",0,0,N/A,0,N/A,0
2008,M,Mexico,Switzerland,World,TOTAL CPC,TOTAL MOT,TOTAL,"$1,440,489,948",0,0,N/A,0,N/A,0
2008,X,Mexico,Switzerland,World,TOTAL CPC,TOTAL MOT,TOTAL,"$601,952,476",0,0,N/A,0,N/A,0
2008,M,Italy,United Kingdom,World,TOTAL CPC,TOTAL MOT,TOTAL,"$17,495,837,553",0,0,N/A,0,N/A,0
2008,X,Italy,United Kingdom,World,TOTAL CPC,TOTAL MOT,TOTAL,"$28,424,578,080",0,0,N/A,0,N/A,0
2008,M,Japan,United Kingdom,World,TOTAL CPC,TOTAL MOT,TOTAL,"$7,473,342,157",0,0,N/A,0,N/A,0
2008,X,Japan,United Kingdom,World,TOTAL CPC,TOTAL MOT,TOTAL,"$16,463,761,777",0,0,N/A,0,N/A,0
2008,M,Rep. of Korea,United Kingdom,World,TOTAL CPC,TOTAL MOT,TOTAL,"$3,637,053,210",0,0,N/A,0,N/A,0
2008,X,Rep. of Korea,United Kingdom,World,TOTAL CPC,TOTAL MOT,TOTAL,"$5,936,115,253",0,0,N/A,0,N/A,0
2008,M,Mexico,United Kingdom,World,TOTAL CPC,TOTAL MOT,TOTAL,"$2,595,531,923",0,0,N/A,0,N/A,0
2008,X,Mexico,United Kingdom,World,TOTAL CPC,TOTAL MOT,TOTAL,"$1,749,340,009",0,0,N/A,0,N/A,0
2008,M,Italy,USA,World,TOTAL CPC,TOTAL MOT,TOTAL,"$17,210,835,759",0,0,N/A,0,N/A,0
2008,X,Italy,USA,World,TOTAL CPC,TOTAL MOT,TOTAL,"$33,873,739,018",0,0,N/A,0,N/A,0
2008,M,Japan,USA,World,TOTAL CPC,TOTAL MOT,TOTAL,"$78,937,218,521",0,0,N/A,0,N/A,0
2008,X,Japan,USA,World,TOTAL CPC,TOTAL MOT,TOTAL,"$138,704,955,171",0,0,N/A,0,N/A,0
2008,M,Rep. of Korea,USA,World,TOTAL CPC,TOTAL MOT,TOTAL,"$38,555,952,398",0,0,N/A,0,N/A,0
2008,X,Rep. of Korea,USA,World,TOTAL CPC,TOTAL MOT,TOTAL,"$46,500,676,172",0,0,N/A,0,N/A,0
2008,M,Mexico,USA,World,TOTAL CPC,TOTAL MOT,TOTAL,"$151,746,429,617",0,0,N/A,0,N/A,0
2008,X,Mexico,USA,World,TOTAL CPC,TOTAL MOT,TOTAL,"$233,793,947,984",0,0,N/A,0,N/A,0
2008,M,Netherlands,Australia,World,TOTAL CPC,TOTAL MOT,TOTAL,"$932,832,045",0,0,N/A,0,N/A,0
2008,X,Netherlands,Australia,World,TOTAL CPC,TOTAL MOT,TOTAL,"$2,045,359,944",0,0,N/A,0,N/A,0
2008,M,Russian Federation,Australia,World,TOTAL CPC,TOTAL MOT,TOTAL,"$1,025,162,181",0,0,N/A,0,N/A,0
2008,X,Russian Federation,Australia,World,TOTAL CPC,TOTAL MOT,TOTAL,"$82,042,909",0,0,N/A,0,N/A,0
2008,M,Netherlands,Belgium,World,TOTAL CPC,TOTAL MOT,TOTAL,"$49,942,595,662",0,0,N/A,0,N/A,0
2008,X,Netherlands,Belgium,World,TOTAL CPC,TOTAL MOT,TOTAL,"$63,312,896,847",0,0,N/A,0,N/A,0
2008,M,Russian Federation,Belgium,World,TOTAL CPC,TOTAL MOT,TOTAL,"$4,058,249,944",0,0,N/A,0,N/A,0
2008,X,Russian Federation,Belgium,World,TOTAL CPC,TOTAL MOT,TOTAL,"$4,618,511,502",0,0,N/A,0,N/A,0
2008,M,Netherlands,Brazil,World,TOTAL CPC,TOTAL MOT,TOTAL,"$7,152,683,371",0,0,N/A,0,N/A,0
2008,X,Netherlands,Brazil,World,TOTAL CPC,TOTAL MOT,TOTAL,"$1,814,460,277",0,0,N/A,0,N/A,0
2008,M,Russian Federation,Brazil,World,TOTAL CPC,TOTAL MOT,TOTAL,"$4,670,669,650",0,0,N/A,0,N/A,0
2008,X,Russian Federation,Brazil,World,TOTAL CPC,TOTAL MOT,TOTAL,"$2,040,699,228",0,0,N/A,0,N/A,0
2008,M,Netherlands,Canada,World,TOTAL CPC,TOTAL MOT,TOTAL,"$2,266,269,773",0,0,N/A,0,N/A,0
2008,X,Netherlands,Canada,World,TOTAL CPC,TOTAL MOT,TOTAL,"$2,542,423,518",0,0,N/A,0,N/A,0
2008,M,Russian Federation,Canada,World,TOTAL CPC,TOTAL MOT,TOTAL,"$1,630,472,502",0,0,N/A,0,N/A,0
2008,X,Russian Federation,Canada,World,TOTAL CPC,TOTAL MOT,TOTAL,"$939,836,078",0,0,N/A,0,N/A,0
2008,M,Netherlands,France,World,TOTAL CPC,TOTAL MOT,TOTAL,"$24,876,047,227",0,0,N/A,0,N/A,0
2008,X,Netherlands,France,World,TOTAL CPC,TOTAL MOT,TOTAL,"$47,707,807,272",0,0,N/A,0,N/A,0
2008,M,Russian Federation,France,World,TOTAL CPC,TOTAL MOT,TOTAL,"$10,066,091,522",0,0,N/A,0,N/A,0
2008,X,Russian Federation,France,World,TOTAL CPC,TOTAL MOT,TOTAL,"$12,282,139,219",0,0,N/A,0,N/A,0
2008,M,Netherlands,Germany,World,TOTAL CPC,TOTAL MOT,TOTAL,"$95,216,953,963",0,0,N/A,0,N/A,0
2008,X,Netherlands,Germany,World,TOTAL CPC,TOTAL MOT,TOTAL,"$133,509,594,526",0,0,N/A,0,N/A,0
2008,M,Russian Federation,Germany,World,TOTAL CPC,TOTAL MOT,TOTAL,"$34,075,574,753",0,0,N/A,0,N/A,0
2008,X,Russian Federation,Germany,World,TOTAL CPC,TOTAL MOT,TOTAL,"$33,187,251,589",0,0,N/A,0,N/A,0
2008,M,Netherlands,"China, Hong Kong SAR",World,TOTAL CPC,TOTAL MOT,TOTAL,"$2,584,455,975",0,0,N/A,0,N/A,0
2008,X,Netherlands,"China, Hong Kong SAR",World,TOTAL CPC,TOTAL MOT,TOTAL,"$1,607,061,264",0,0,N/A,0,N/A,0
2008,M,Russian Federation,"China, Hong Kong SAR",World,TOTAL CPC,TOTAL MOT,TOTAL,"$56,330,727",0,0,N/A,0,N/A,0
2008,X,Russian Federation,"China, Hong Kong SAR",World,TOTAL CPC,TOTAL MOT,TOTAL,"$366,068,798",0,0,N/A,0,N/A,0
2008,M,Netherlands,Italy,World,TOTAL CPC,TOTAL MOT,TOTAL,"$11,731,991,386",0,0,N/A,0,N/A,0
2008,X,Netherlands,Italy,World,TOTAL CPC,TOTAL MOT,TOTAL,"$28,894,468,858",0,0,N/A,0,N/A,0
2008,M,Russian Federation,Italy,World,TOTAL CPC,TOTAL MOT,TOTAL,"$10,995,286,122",0,0,N/A,0,N/A,0
2008,X,Russian Federation,Italy,World,TOTAL CPC,TOTAL MOT,TOTAL,"$41,955,811,385",0,0,N/A,0,N/A,0
2008,M,Netherlands,Japan,World,TOTAL CPC,TOTAL MOT,TOTAL,"$13,986,401,064",0,0,N/A,0,N/A,0
2008,X,Netherlands,Japan,World,TOTAL CPC,TOTAL MOT,TOTAL,"$4,339,436,609",0,0,N/A,0,N/A,0
2008,M,Russian Federation,Japan,World,TOTAL CPC,TOTAL MOT,TOTAL,"$18,589,772,248",0,0,N/A,0,N/A,0
2008,X,Russian Federation,Japan,World,TOTAL CPC,TOTAL MOT,TOTAL,"$10,429,042,541",0,0,N/A,0,N/A,0
2008,M,Netherlands,Rep. of Korea,World,TOTAL CPC,TOTAL MOT,TOTAL,"$3,078,666,378",0,0,N/A,0,N/A,0
2008,X,Netherlands,Rep. of Korea,World,TOTAL CPC,TOTAL MOT,TOTAL,"$3,633,776,001",0,0,N/A,0,N/A,0
2008,M,Russian Federation,Rep. of Korea,World,TOTAL CPC,TOTAL MOT,TOTAL,"$10,521,138,824",0,0,N/A,0,N/A,0
2008,X,Russian Federation,Rep. of Korea,World,TOTAL CPC,TOTAL MOT,TOTAL,"$7,787,222,934",0,0,N/A,0,N/A,0
2008,M,Netherlands,Mexico,World,TOTAL CPC,TOTAL MOT,TOTAL,"$1,785,497,569",0,0,N/A,0,N/A,0
2008,X,Netherlands,Mexico,World,TOTAL CPC,TOTAL MOT,TOTAL,"$3,382,563,034",0,0,N/A,0,N/A,0
2008,M,Russian Federation,Mexico,World,TOTAL CPC,TOTAL MOT,TOTAL,"$618,119,077",0,0,N/A,0,N/A,0
2008,X,Russian Federation,Mexico,World,TOTAL CPC,TOTAL MOT,TOTAL,"$612,769,080",0,0,N/A,0,N/A,0
2008,M,Russian Federation,Netherlands,World,TOTAL CPC,TOTAL MOT,TOTAL,"$4,814,063,435",0,0,N/A,0,N/A,0
2008,X,Russian Federation,Netherlands,World,TOTAL CPC,TOTAL MOT,TOTAL,"$56,944,281,207",0,0,N/A,0,N/A,0
2008,M,Netherlands,Russian Federation,World,TOTAL CPC,TOTAL MOT,TOTAL,"$19,208,015,216",0,0,N/A,0,N/A,0
2008,X,Netherlands,Russian Federation,World,TOTAL CPC,TOTAL MOT,TOTAL,"$9,665,094,610",0,0,N/A,0,N/A,0
2008,M,Netherlands,India,World,TOTAL CPC,TOTAL MOT,TOTAL,"$3,402,739,160",0,0,N/A,0,N/A,0
2008,X,Netherlands,India,World,TOTAL CPC,TOTAL MOT,TOTAL,"$2,306,177,704",0,0,N/A,0,N/A,0
2008,M,Russian Federation,India,World,TOTAL CPC,TOTAL MOT,TOTAL,"$1,714,050,899",0,0,N/A,0,N/A,0
2008,X,Russian Federation,India,World,TOTAL CPC,TOTAL MOT,TOTAL,"$5,231,012,021",0,0,N/A,0,N/A,0
2008,M,Netherlands,Singapore,World,TOTAL CPC,TOTAL MOT,TOTAL,"$3,783,149,234",0,0,N/A,0,N/A,0
2008,X,Netherlands,Singapore,World,TOTAL CPC,TOTAL MOT,TOTAL,"$2,796,591,012",0,0,N/A,0,N/A,0
2008,M,Russian Federation,Singapore,World,TOTAL CPC,TOTAL MOT,TOTAL,"$464,987,652",0,0,N/A,0,N/A,0
2008,X,Russian Federation,Singapore,World,TOTAL CPC,TOTAL MOT,TOTAL,"$1,180,314,616",0,0,N/A,0,N/A,0
2008,M,Netherlands,Spain,World,TOTAL CPC,TOTAL MOT,TOTAL,"$8,823,250,447",0,0,N/A,0,N/A,0
2008,X,Netherlands,Spain,World,TOTAL CPC,TOTAL MOT,TOTAL,"$18,759,252,135",0,0,N/A,0,N/A,0
2008,M,Russian Federation,Spain,World,TOTAL CPC,TOTAL MOT,TOTAL,"$4,242,984,571",0,0,N/A,0,N/A,0
2008,X,Russian Federation,Spain,World,TOTAL CPC,TOTAL MOT,TOTAL,"$5,060,891,800",0,0,N/A,0,N/A,0
2008,M,Netherlands,Switzerland,World,TOTAL CPC,TOTAL MOT,TOTAL,"$3,041,729,012",0,0,N/A,0,N/A,0
2008,X,Netherlands,Switzerland,World,TOTAL CPC,TOTAL MOT,TOTAL,"$7,297,604,191",0,0,N/A,0,N/A,0
2008,M,Russian Federation,Switzerland,World,TOTAL CPC,TOTAL MOT,TOTAL,"$2,392,119,232",0,0,N/A,0,N/A,0
2008,X,Russian Federation,Switzerland,World,TOTAL CPC,TOTAL MOT,TOTAL,"$10,302,830,262",0,0,N/A,0,N/A,0
2008,M,Netherlands,United Kingdom,World,TOTAL CPC,TOTAL MOT,TOTAL,"$31,272,700,755",0,0,N/A,0,N/A,0
2008,X,Netherlands,United Kingdom,World,TOTAL CPC,TOTAL MOT,TOTAL,"$49,490,834,615",0,0,N/A,0,N/A,0
2008,M,Russian Federation,United Kingdom,World,TOTAL CPC,TOTAL MOT,TOTAL,"$7,622,204,650",0,0,N/A,0,N/A,0
2008,X,Russian Federation,United Kingdom,World,TOTAL CPC,TOTAL MOT,TOTAL,"$14,904,714,346",0,0,N/A,0,N/A,0
2008,M,Netherlands,USA,World,TOTAL CPC,TOTAL MOT,TOTAL,"$39,955,896,286",0,0,N/A,0,N/A,0
2008,X,Netherlands,USA,World,TOTAL CPC,TOTAL MOT,TOTAL,"$24,293,452,648",0,0,N/A,0,N/A,0
2008,M,Russian Federation,USA,World,TOTAL CPC,TOTAL MOT,TOTAL,"$13,818,227,926",0,0,N/A,0,N/A,0
2008,X,Russian Federation,USA,World,TOTAL CPC,TOTAL MOT,TOTAL,"$13,752,790,092",0,0,N/A,0,N/A,0
2008,M,India,Australia,World,TOTAL CPC,TOTAL MOT,TOTAL,"$9,568,942,373",0,0,N/A,0,N/A,0
2008,X,India,Australia,World,TOTAL CPC,TOTAL MOT,TOTAL,"$1,347,331,524",0,0,N/A,0,N/A,0
2008,M,Singapore,Australia,World,TOTAL CPC,TOTAL MOT,TOTAL,"$4,773,289,180",0,0,N/A,0,N/A,0
2008,X,Singapore,Australia,World,TOTAL CPC,TOTAL MOT,TOTAL,"$14,201,620,897",0,0,N/A,0,N/A,0
2008,M,India,Belgium,World,TOTAL CPC,TOTAL MOT,TOTAL,"$5,262,434,370",0,0,N/A,0,N/A,0
2008,X,India,Belgium,World,TOTAL CPC,TOTAL MOT,TOTAL,"$4,717,944,168",0,0,N/A,0,N/A,0
2008,M,Singapore,Belgium,World,TOTAL CPC,TOTAL MOT,TOTAL,"$1,668,639,208",0,0,N/A,0,N/A,0
2008,X,Singapore,Belgium,World,TOTAL CPC,TOTAL MOT,TOTAL,"$2,046,774,230",0,0,N/A,0,N/A,0
2008,M,India,Brazil,World,TOTAL CPC,TOTAL MOT,TOTAL,"$1,159,829,655",0,0,N/A,0,N/A,0
2008,X,India,Brazil,World,TOTAL CPC,TOTAL MOT,TOTAL,"$3,250,049,801",0,0,N/A,0,N/A,0
2008,M,Singapore,Brazil,World,TOTAL CPC,TOTAL MOT,TOTAL,"$1,327,448,833",0,0,N/A,0,N/A,0
2008,X,Singapore,Brazil,World,TOTAL CPC,TOTAL MOT,TOTAL,"$1,641,399,790",0,0,N/A,0,N/A,0
2008,M,India,Canada,World,TOTAL CPC,TOTAL MOT,TOTAL,"$2,332,252,650",0,0,N/A,0,N/A,0
2008,X,India,Canada,World,TOTAL CPC,TOTAL MOT,TOTAL,"$1,380,024,922",0,0,N/A,0,N/A,0
2008,M,Singapore,Canada,World,TOTAL CPC,TOTAL MOT,TOTAL,"$1,131,291,102",0,0,N/A,0,N/A,0
2008,X,Singapore,Canada,World,TOTAL CPC,TOTAL MOT,TOTAL,"$1,960,174,918",0,0,N/A,0,N/A,0
2008,M,India,France,World,TOTAL CPC,TOTAL MOT,TOTAL,"$6,404,518,480",0,0,N/A,0,N/A,0
2008,X,India,France,World,TOTAL CPC,TOTAL MOT,TOTAL,"$3,086,397,514",0,0,N/A,0,N/A,0
2008,M,Singapore,France,World,TOTAL CPC,TOTAL MOT,TOTAL,"$7,891,264,222",0,0,N/A,0,N/A,0
2008,X,Singapore,France,World,TOTAL CPC,TOTAL MOT,TOTAL,"$4,738,056,086",0,0,N/A,0,N/A,0
2008,M,India,Germany,World,TOTAL CPC,TOTAL MOT,TOTAL,"$11,418,567,837",0,0,N/A,0,N/A,0
2008,X,India,Germany,World,TOTAL CPC,TOTAL MOT,TOTAL,"$5,915,161,038",0,0,N/A,0,N/A,0
2008,M,Singapore,Germany,World,TOTAL CPC,TOTAL MOT,TOTAL,"$9,241,593,621",0,0,N/A,0,N/A,0
2008,X,Singapore,Germany,World,TOTAL CPC,TOTAL MOT,TOTAL,"$6,651,954,604",0,0,N/A,0,N/A,0
2008,M,India,"China, Hong Kong SAR",World,TOTAL CPC,TOTAL MOT,TOTAL,"$4,998,197,389",0,0,N/A,0,N/A,0
2008,X,India,"China, Hong Kong SAR",World,TOTAL CPC,TOTAL MOT,TOTAL,"$6,770,545,478",0,0,N/A,0,N/A,0
2008,M,Singapore,"China, Hong Kong SAR",World,TOTAL CPC,TOTAL MOT,TOTAL,"$3,651,707,132",0,0,N/A,0,N/A,0
2008,X,Singapore,"China, Hong Kong SAR",World,TOTAL CPC,TOTAL MOT,TOTAL,"$35,169,394,005",0,0,N/A,0,N/A,0